{"cameraMode":{"drawMode":0,"name":"Shaded","section":"Shading Mode"},"sceneLighting":true,"audioPlay":false,"sceneViewState":{"m_AlwaysRefresh":false,"showFog":true,"showSkybox":true,"showFlares":true,"showImageEffects":true,"showParticleSystems":true,"showVisualEffectGraphs":true,"m_FxEnabled":true},"in2DMode":false,"pivot":{"x":0.3524039089679718,"y":5.393180847167969,"z":-10.8442964553833},"rotation":{"x":-0.0452856570482254,"y":-0.02006615698337555,"z":0.0009093380649574101,"w":-0.9987792372703552},"size":0.055143821984529498,"orthographic":false}