{"cameraMode":{"drawMode":0,"name":"Shaded","section":"Shading Mode"},"sceneLighting":false,"audioPlay":false,"sceneViewState":{"m_AlwaysRefresh":false,"showFog":true,"showSkybox":true,"showFlares":true,"showImageEffects":true,"showParticleSystems":true,"showVisualEffectGraphs":true,"m_FxEnabled":true},"in2DMode":false,"pivot":{"x":-0.6523641347885132,"y":13.909619331359864,"z":28.722375869750978},"rotation":{"x":-0.020686503499746324,"y":-0.01531677320599556,"z":-0.0002962113940156996,"w":0.9996896386146545},"size":20.15711784362793,"orthographic":false}