{"cameraMode":{"drawMode":0,"name":"Shaded","section":"Shading Mode"},"sceneLighting":false,"audioPlay":false,"sceneViewState":{"m_AlwaysRefresh":false,"showFog":true,"showSkybox":false,"showFlares":true,"showImageEffects":true,"showParticleSystems":true,"showVisualEffectGraphs":true,"m_FxEnabled":true},"in2DMode":false,"pivot":{"x":4.172325134277344e-7,"y":8.797091484069825,"z":0.0008218586444854736},"rotation":{"x":0.02652515284717083,"y":0.11015059053897858,"z":0.0029359294567257168,"w":-0.9935705065727234},"size":0.5231311917304993,"orthographic":false}